phase, period, amp, t_strt, t_end
40, 120, 4.43417, 0, 1 
10, 150, 4.72693, 0, 1 
70, 150, 4.46318, 0, 1 
70, 100, 4.40251, 0, 1 
230, 120, 4.51415, 0, 1
100, 90, 8.49597, 0, 1 