phase, period, amp, t_strt, t_end
205, 132, 3.52798, 0, 1 
242, 163, 10.6086, 0, 1 
190, 66, 2.77819, 0, 1 
81, 70, 9.28774, 0, 1 
27, 74, 4.68653, 0, 1 
28, 177, 9.90382, 0, 1 
25, 113, 5.18606, 0, 1 
237, 162, 6.40408, 0, 1 
38, 114, 8.43544, 0, 1 
72, 31, 6.61411, 0, 1 
165, 231, 2.22765, 0, 1 
230, 87, 1.11274, 0, 1 
119, 51, 3.70794, 0, 1 
195, 181, 7.74793, 0, 1 
132, 225, 6.75639, 0, 1 
72, 38, 7.67908, 0, 1 
